2,301,661,120,672,134,0.8904223,0
2,302,181,292,195,309,0.545387,0
2,302,374,370,394,392,0.8935892,0
2,303,672,133,684,147,0.6702441,0
2,308,17,113,29,129,0.6165962,0
2,309,672,133,684,147,0.5376151,0
2,315,460,34,476,56,0.51865333,0
2,318,460,34,476,56,0.84719706,0
2,321,16,112,29,128,0.6877344,0
2,323,16,112,30,129,0.5596382,0
2,326,17,112,30,129,0.6432093,0
2,326,660,122,671,134,0.52415955,0
2,326,367,386,376,396,0.6955642,0
2,334,461,37,475,55,0.65156156,0
2,340,16,113,29,130,0.6563795,0
2,347,15,112,27,127,0.6340635,0
2,351,18,112,30,127,0.58100677,0
2,357,459,34,477,57,0.956167,0
2,359,278,274,290,288,0.62163776,0
2,360,15,112,28,129,0.7706211,0
2,364,374,371,394,393,0.6486484,0
2,366,433,11,444,24,0.50458884,0
2,366,460,34,477,55,0.7765306,0
2,366,375,372,393,392,0.71678585,0
2,367,287,108,297,120,0.56994647,1
2,367,16,112,27,127,0.69522464,0
2,371,181,291,196,309,0.6077064,0
2,372,673,132,684,146,0.50633746,0
2,372,580,286,592,300,0.5260815,0
2,373,17,112,30,129,0.5754059,0
2,382,459,35,476,58,0.7063345,0
2,383,158,265,171,281,0.5972437,0
2,385,375,370,393,391,0.60978115,0
2,393,660,119,671,132,0.52816474,0
2,397,459,34,476,58,0.5932564,0
2,398,672,133,685,148,0.7475768,0
2,398,176,290,191,308,0.7603197,0
2,401,671,132,684,148,0.8279533,0
2,402,280,105,290,117,0.66205764,0
2,402,310,115,322,130,0.636286,1
2,403,277,107,292,125,0.63476104,4
2,403,310,116,324,131,0.5647325,1
2,404,314,117,325,129,0.7718968,1
2,407,316,117,328,130,0.9455573,1
2,408,316,118,328,132,0.76446456,1
2,409,461,33,478,55,0.70171773,0
2,409,320,118,331,130,0.89334166,1
2,410,322,117,335,132,0.9371295,1
2,411,322,118,336,134,0.9758992,1
2,411,367,387,376,398,0.9518772,0
2,412,321,119,334,133,0.9080704,1
2,413,281,109,290,121,0.6899552,4
2,413,322,118,334,133,0.97975975,1
2,414,282,111,294,125,0.6763593,4
2,414,323,118,337,133,0.911071,1
2,416,328,117,341,132,0.7769331,1
2,416,280,119,291,132,0.5435675,4
2,417,327,121,340,137,0.9704506,1
2,418,322,119,336,135,0.8766552,1
2,418,317,359,330,374,0.65464365,0
2,419,281,112,291,123,0.5568813,4
2,419,322,118,335,135,0.99105763,1
2,420,322,122,336,138,0.9785257,1
2,420,614,123,626,138,0.95141166,0
2,421,282,109,291,119,0.7544141,4
2,421,286,111,296,123,0.8859661,4
2,421,325,118,339,135,0.98963225,1
2,422,283,113,292,124,0.74342656,4
2,422,324,118,338,136,0.99116606,1
2,422,289,121,301,135,0.82049406,2
2,423,283,112,292,124,0.84125686,4
2,423,321,121,334,137,0.9647029,1
2,423,294,125,306,141,0.5707239,2
2,424,283,112,293,125,0.91165775,4
2,424,16,113,31,131,0.68631244,0
2,424,318,119,332,135,0.9773646,1
2,425,283,112,291,123,0.62776595,4
2,425,318,119,332,136,0.9853039,1
2,426,286,112,297,127,0.9554146,4
2,426,16,113,29,129,0.64392626,0
2,426,322,120,337,138,0.9875668,1
2,427,288,113,298,125,0.77821654,4
2,427,325,118,340,137,0.99202263,1
2,428,289,115,300,127,0.6141419,4
2,428,326,120,340,139,0.98953116,1
2,429,17,113,30,129,0.5430011,0
2,429,631,116,644,132,0.65691113,0
2,429,323,121,338,139,0.986047,1
2,430,17,112,30,129,0.6483529,0
2,430,325,119,340,137,0.9851832,1
2,431,330,122,346,142,0.94986236,1
2,432,292,116,303,129,0.934821,4
2,432,326,116,337,128,0.63448286,5
2,432,337,121,353,139,0.97957295,1
2,433,299,117,311,132,0.64196825,4
2,433,341,121,357,141,0.9883767,1
2,433,318,122,330,136,0.85071653,3
2,434,312,123,323,136,0.7202255,3
2,434,338,124,355,144,0.9878749,1
2,435,336,122,353,142,0.9849439,1
2,435,309,123,320,136,0.904094,3
2,436,16,113,30,131,0.60567707,0
2,436,337,124,354,143,0.92427653,1
2,437,276,117,284,127,0.7292084,4
2,437,343,124,361,145,0.97861415,1
2,437,314,125,325,138,0.8857843,3
2,438,345,123,363,146,0.99036586,1
2,438,316,123,328,138,0.9452011,3
2,438,279,126,290,139,0.903535,2
2,439,16,113,29,130,0.7240652,0
2,439,281,123,294,138,0.9555045,2
2,439,317,124,328,137,0.9270733,3
2,439,342,129,359,150,0.9912862,1
2,440,351,113,361,125,0.7094252,5
2,440,281,115,291,127,0.8622846,4
2,440,315,124,326,137,0.83452445,3
2,440,338,127,355,147,0.9896543,1
2,440,357,134,368,147,0.5701873,0
2,441,279,115,289,127,0.83540946,4
2,441,314,124,326,138,0.9064393,3
2,441,286,124,297,137,0.66986436,2
2,441,339,127,356,148,0.99019194,1
2,442,16,113,29,128,0.5611879,0
2,442,272,118,282,129,0.87961006,4
2,442,316,125,328,139,0.8365711,3
2,442,286,129,297,142,0.5987119,2
2,442,346,130,364,151,0.9893566,1
2,443,271,115,283,129,0.8599199,4
2,443,317,124,329,138,0.9366373,3
2,443,354,128,372,149,0.9873146,1
2,443,284,132,295,145,0.81673265,2
2,444,344,114,353,125,0.6356704,0
2,444,272,117,282,128,0.8038661,4
2,444,347,118,357,130,0.79384947,5
2,444,316,126,328,141,0.91427875,3
2,444,355,130,375,153,0.9835675,1
2,444,282,130,297,147,0.9090571,2
2,444,332,135,344,149,0.53341246,0
2,444,178,288,195,307,0.84451073,0
2,445,16,112,30,130,0.63884574,0
2,445,274,117,288,135,0.9883901,4
2,445,313,128,325,143,0.9283874,3
2,445,352,130,372,154,0.9829778,1
2,445,288,135,299,148,0.81335324,2
2,446,280,115,291,130,0.95454746,4
2,446,317,130,329,144,0.9510734,3
2,446,291,130,303,144,0.8937693,2
2,446,355,132,372,154,0.9875364,1
2,447,280,117,292,131,0.80708456,4
2,447,352,124,364,139,0.66189104,5
2,447,292,131,304,145,0.9570216,2
2,447,322,132,333,145,0.91089165,3
2,447,363,136,383,160,0.9858598,1
2,448,282,120,293,135,0.96406543,4
2,448,289,127,300,142,0.54498786,0
2,448,326,133,337,147,0.97519696,3
2,448,354,134,368,150,0.69445425,0
2,448,293,138,304,152,0.6524065,2
2,448,376,142,394,162,0.9870892,1
2,449,279,114,290,126,0.5337417,0
2,449,344,115,354,126,0.85592616,5
2,449,280,119,295,136,0.96348774,4
2,449,331,136,341,148,0.898439,3
2,449,356,136,367,149,0.70873517,0
2,450,287,117,298,129,0.8936882,4
2,450,348,119,357,131,0.5342479,5
2,450,286,132,298,147,0.88971096,2
2,450,331,134,342,147,0.8873187,3
2,451,352,118,361,129,0.7857087,5
2,451,296,119,305,130,0.92246217,4
2,451,704,122,719,150,0.66799176,0
2,451,292,125,303,138,0.63803923,0
2,451,288,132,301,147,0.9386714,2
2,451,333,134,344,148,0.94445395,3
2,452,17,113,30,129,0.6194073,0
2,452,347,114,374,144,0.7517216,0
2,452,296,118,309,135,0.9889464,4
2,452,335,130,348,146,0.968376,3
2,452,374,140,396,165,0.9918243,1
2,453,297,117,310,132,0.96587557,4
2,453,346,119,356,130,0.91953623,5
2,453,336,131,348,146,0.9301823,3
2,453,285,134,298,151,0.6011329,2
2,453,357,136,368,149,0.79075295,0
2,453,380,139,403,167,0.9875494,1
2,454,15,112,29,129,0.7019787,0
2,454,371,112,380,123,0.63162404,0
2,454,343,115,354,128,0.92955786,5
2,454,299,120,312,136,0.8846848,4
2,454,333,131,345,146,0.94268036,3
2,454,281,136,294,151,0.9196367,2
2,454,354,139,364,151,0.5046595,0
2,454,386,140,410,167,0.9880993,1
2,455,344,116,355,129,0.9676771,5
2,455,298,117,313,135,0.9867959,4
2,455,334,128,346,143,0.8566737,3
2,455,284,135,298,152,0.8142255,2
2,455,390,145,413,172,0.9870042,1
2,456,302,118,315,135,0.9721593,4
2,456,348,118,361,134,0.9694735,5
2,456,336,134,347,146,0.8724033,3
2,456,289,137,301,151,0.89199334,2
2,456,389,145,413,173,0.9782401,1
2,457,351,117,362,130,0.93845594,5
2,457,304,121,317,137,0.9472114,4
2,457,340,130,354,147,0.9369319,3
2,457,293,132,303,145,0.53364486,2
2,457,391,145,416,174,0.9855613,1
2,458,460,34,476,56,0.950259,0
2,458,305,119,318,136,0.9366256,4
2,458,348,120,362,136,0.92399055,5
2,458,341,133,355,151,0.96331656,3
2,458,290,136,301,151,0.90725887,2
2,458,366,138,375,150,0.65575117,0
2,458,398,151,424,180,0.98986953,1
2,459,343,117,352,127,0.6913829,5
2,459,306,118,319,135,0.9851282,4
2,459,660,120,669,130,0.8882499,0
2,459,338,133,352,150,0.9704592,3
2,459,672,134,681,144,0.5273048,0
2,459,352,135,365,150,0.5493452,0
2,459,291,138,301,150,0.7029584,2
2,459,408,150,434,179,0.99217063,1
2,460,346,119,355,130,0.81769073,5
2,460,307,122,319,137,0.9789625,4
2,460,342,133,354,149,0.9555531,3
2,460,292,135,301,147,0.5341393,0
2,460,296,136,308,149,0.71531075,2
2,460,409,151,436,181,0.9930039,1
2,461,349,117,358,127,0.54841375,0
2,461,347,123,360,138,0.7319983,5
2,461,304,125,315,138,0.70480597,4
2,461,343,135,357,151,0.9696624,3
2,461,300,139,314,156,0.9746122,2
2,461,404,157,432,191,0.99496645,1
2,462,354,118,363,129,0.90489554,5
2,462,350,123,363,138,0.506084,0
2,462,344,132,358,149,0.9840896,3
2,462,301,133,316,151,0.96423274,2
2,462,398,154,427,188,0.9932243,1
2,463,351,121,363,136,0.9718882,5
2,463,303,123,316,138,0.92495006,4
2,463,343,137,356,152,0.95419276,3
2,463,300,138,314,155,0.9496999,2
2,463,402,161,430,193,0.99467576,1
2,464,306,122,319,139,0.9766524,4
2,464,347,126,358,139,0.5949925,0
2,464,342,132,356,149,0.9588314,3
2,464,354,136,368,153,0.56423765,0
2,464,292,139,306,156,0.9545038,2
2,464,411,162,443,199,0.99017733,1
2,465,342,117,351,127,0.6065316,0
2,465,303,119,318,137,0.98229295,4
2,465,341,122,353,137,0.7620097,5
2,465,344,135,359,154,0.947764,3
2,465,290,139,302,155,0.8895084,2
2,465,418,162,450,199,0.99482876,1
2,466,301,120,316,140,0.98371255,4
2,466,342,123,355,138,0.85969603,5
2,466,348,136,364,155,0.9625222,3
2,466,288,143,302,159,0.8090651,2
2,466,418,169,450,206,0.9938671,1
2,467,351,127,364,141,0.7111937,0
2,467,347,136,362,154,0.98619545,3
2,467,295,139,311,156,0.9742866,2
2,467,412,171,446,211,0.99534374,1
2,468,462,35,477,55,0.9021911,0
2,468,290,120,304,138,0.97500074,4
2,468,355,121,369,137,0.9736642,5
2,468,345,140,361,159,0.9760818,3
2,468,303,145,318,162,0.60154605,2
2,468,419,173,452,211,0.9923671,1
2,469,290,121,306,140,0.9855649,4
2,469,357,122,368,136,0.95511687,5
2,469,344,136,360,156,0.9772131,3
2,469,302,147,317,162,0.6681299,2
2,469,433,181,469,224,0.9904907,1
2,469,221,293,235,311,0.5023183,0
2,470,356,122,369,138,0.96652067,5
2,470,297,125,309,139,0.83943623,4
2,470,348,141,363,160,0.9704114,3
2,470,303,148,320,163,0.72032154,2
2,470,449,180,486,225,0.9956145,1
2,471,301,121,316,141,0.9866263,4
2,471,356,122,369,137,0.9032406,5
2,471,354,140,369,159,0.98191446,3
2,471,311,148,325,162,0.66354537,2
2,471,459,185,497,231,0.9955883,1
2,471,523,330,537,347,0.85456234,0
2,472,459,34,476,57,0.79071206,0
2,472,302,120,317,139,0.9670796,4
2,472,363,124,376,140,0.93981636,5
2,472,354,140,369,159,0.9803531,3
2,472,375,142,386,156,0.5790766,0
2,472,318,144,334,162,0.9403763,2
2,472,462,198,502,247,0.9959181,1
2,473,460,34,476,57,0.6822422,0
2,473,372,123,385,140,0.9724601,5
2,473,299,125,314,144,0.977985,4
2,473,321,143,338,163,0.9612083,2
2,473,354,144,372,164,0.9688938,3
2,473,458,195,498,246,0.99672544,1
2,474,16,111,28,127,0.58684945,0
2,474,297,123,314,144,0.9729303,4
2,474,374,124,389,142,0.9783327,5
2,474,359,143,376,164,0.9758455,3
2,474,316,149,332,167,0.95721084,2
2,474,462,206,506,259,0.996599,1
2,475,17,112,29,128,0.5388035,0
2,475,299,122,316,143,0.9729917,4
2,475,377,126,390,142,0.92630243,5
2,475,313,145,331,167,0.96340895,2
2,475,369,147,386,168,0.96971524,3
2,475,483,216,526,272,0.99662375,1
2,476,461,34,476,54,0.53662056,0
2,476,377,125,390,141,0.95930773,5
2,476,304,127,319,147,0.98767555,4
2,476,376,145,394,166,0.9738304,3
2,476,314,152,333,174,0.9420106,2
2,476,490,220,537,279,0.9972224,1
2,477,309,124,326,145,0.98855746,4
2,477,382,124,395,141,0.94993496,5
2,477,378,148,395,170,0.9656303,3
2,477,317,152,337,175,0.9384536,2
2,477,488,240,537,301,0.99785775,1
2,478,312,124,328,145,0.9857751,4
2,478,387,124,403,143,0.9715037,5
2,478,317,148,337,172,0.9670264,2
2,478,378,153,396,175,0.98009044,3
2,478,484,242,535,305,0.99768984,1
2,479,398,123,413,141,0.9623295,5
2,479,311,129,328,150,0.99356586,4
2,479,383,155,400,176,0.98128533,3
2,479,313,157,332,176,0.63479096,2
2,479,488,252,541,318,0.9978776,1
2,480,398,127,413,145,0.97750676,5
2,480,309,129,325,147,0.99131876,4
2,480,312,154,328,173,0.8016203,2
2,480,387,157,407,179,0.98715115,3
2,480,511,270,565,339,0.9977016,1
2,481,313,128,330,148,0.99107844,4
2,481,396,129,411,146,0.97255534,5
2,481,390,153,408,175,0.96961355,3
2,481,536,275,592,346,0.99778134,1
2,482,394,126,409,144,0.9617308,5
2,482,321,136,336,154,0.98413104,4
2,482,387,155,407,179,0.9815677,3
2,482,325,160,345,183,0.93742955,2
2,482,549,294,607,369,0.9981225,1
2,483,397,130,412,148,0.9651814,5
2,483,328,135,341,151,0.79827857,4
2,483,386,153,406,177,0.9794718,3
2,483,328,153,349,176,0.97419804,2
2,483,530,308,563,353,0.5430383,0
2,483,553,322,615,400,0.99808264,1
2,484,404,131,419,148,0.983727,5
2,484,330,137,345,156,0.9750846,4
2,484,393,157,415,183,0.96039736,3
2,484,328,160,350,187,0.94661385,2
2,484,538,308,575,355,0.5574321,0
2,484,558,320,627,405,0.9982546,1
2,485,15,113,29,131,0.6938485,0
2,485,407,130,420,147,0.9567652,5
2,485,328,141,342,156,0.5797476,4
2,485,406,155,426,181,0.95803916,3
2,485,328,160,349,182,0.8965643,2
2,485,582,345,654,435,0.9954853,1
2,486,400,134,416,152,0.91538346,5
2,486,327,137,348,157,0.88763756,4
2,486,413,156,433,180,0.98196054,3
2,486,336,161,355,184,0.61206293,2
2,486,626,367,703,460,0.9961557,1
2,487,395,131,413,150,0.9813968,5
2,487,333,137,351,157,0.9754461,4
2,487,412,161,434,190,0.988171,3
2,487,340,170,363,196,0.9346535,2
2,487,541,177,555,195,0.725067,0
2,487,652,374,714,475,0.977792,1
2,488,398,130,414,149,0.97528505,5
2,488,338,138,357,163,0.9671687,4
2,488,413,159,435,185,0.98480856,3
2,488,348,163,372,190,0.97021735,2
2,489,341,132,360,156,0.9809629,4
2,489,407,134,424,154,0.9683359,5
2,489,420,166,441,193,0.9840994,3
2,489,351,174,377,202,0.9163348,2
2,490,414,131,431,150,0.9764217,5
2,490,341,135,361,158,0.98533833,4
2,490,428,168,451,196,0.9827309,3
2,490,354,177,384,207,0.6301496,2
2,491,416,134,432,153,0.9699949,5
2,491,336,137,357,162,0.9938268,4
2,491,427,168,453,200,0.98080266,3
2,491,357,173,392,207,0.60046184,2
2,491,580,284,592,300,0.85515064,0
2,492,661,119,673,134,0.60214317,0
2,492,336,134,356,158,0.9920002,4
2,492,409,134,425,154,0.9899592,5
2,492,428,176,454,208,0.9835422,3
2,493,406,130,424,152,0.9836427,5
2,493,339,135,361,161,0.9868182,4
2,493,431,173,457,206,0.98628354,3
2,494,411,134,431,156,0.9866332,5
2,494,348,140,369,164,0.99077964,4
2,494,439,185,466,216,0.98596245,3
2,494,362,186,393,222,0.9542882,2
2,495,423,135,442,155,0.98514634,5
2,495,353,137,374,162,0.98545724,4
2,495,447,182,474,215,0.9903668,3
2,495,358,190,390,226,0.9596447,2
2,496,462,36,475,53,0.55009496,0
2,496,425,132,445,156,0.988184,5
2,496,355,142,377,168,0.97727865,4
2,496,452,187,479,219,0.97033465,3
2,496,366,191,398,230,0.9762809,2
2,497,421,137,441,160,0.9924413,5
2,497,352,148,375,174,0.9846896,4
2,497,455,192,486,229,0.9899525,3
2,497,375,200,404,234,0.97307444,2
2,498,418,136,436,157,0.9845418,5
2,498,354,148,374,169,0.97869384,4
2,498,467,192,497,228,0.9931866,3
2,498,374,198,404,235,0.98798347,2
2,499,422,139,442,162,0.9893504,5
2,499,359,154,382,178,0.98320067,4
2,499,483,204,514,243,0.98780024,3
2,499,367,213,399,251,0.9925299,2
2,500,434,141,452,164,0.9879523,5
2,500,369,158,391,183,0.9621999,4
2,500,495,205,528,245,0.995394,3
2,500,361,221,394,259,0.98672277,2
2,501,439,137,461,162,0.9910875,5
2,501,374,155,397,181,0.91444236,4
2,501,499,217,532,255,0.992262,3
2,501,364,222,400,264,0.98864657,2
2,502,441,144,461,168,0.98447675,5
2,502,375,164,399,191,0.97433686,4
2,502,498,227,533,270,0.993111,3
2,502,382,228,419,274,0.991903,2
2,503,438,141,462,168,0.9897036,5
2,503,372,166,396,192,0.98645824,4
2,503,398,222,436,269,0.99571395,2
2,503,512,227,547,271,0.99058515,3
2,504,16,113,28,128,0.55906975,0
2,504,446,142,467,167,0.9857584,5
2,504,372,159,399,189,0.9900663,4
2,504,400,238,442,289,0.9964101,2
2,504,526,244,564,290,0.9945569,3
2,505,457,146,480,172,0.9871896,5
2,505,378,168,404,198,0.9911295,4
2,505,538,243,577,291,0.9956514,3
2,505,406,245,447,296,0.99600595,2
2,505,449,378,464,396,0.8278249,0
2,506,471,142,494,171,0.98983383,5
2,506,390,165,421,198,0.991318,4
2,506,421,250,463,304,0.996183,2
2,506,549,260,588,309,0.9912316,3
2,507,473,142,500,173,0.9902711,5
2,507,396,165,426,198,0.99276114,4
2,507,556,260,598,314,0.9963805,3
2,507,448,270,491,322,0.9967423,2
2,508,15,115,26,128,0.50044256,0
2,508,474,144,500,175,0.99246264,5
2,508,398,175,429,210,0.9929162,4
2,508,571,258,614,313,0.99503183,3
2,508,470,267,518,322,0.9968124,2
2,509,478,144,504,174,0.9870675,5
2,509,395,173,425,209,0.994938,4
2,509,598,280,644,338,0.9941658,3
2,509,485,293,534,350,0.99599177,2
2,510,491,149,518,181,0.98517436,5
2,510,399,171,431,210,0.9953003,4
2,510,627,276,671,337,0.99693215,3
2,510,491,297,544,364,0.99700373,2
2,511,591,62,606,80,0.5818804,0
2,511,505,149,533,183,0.9863966,5
2,511,408,184,440,223,0.99467295,4
2,511,649,309,691,367,0.987904,3
2,511,498,310,551,377,0.99780554,2
2,512,510,155,540,189,0.98975885,5
2,512,424,182,456,222,0.9933396,4
2,512,664,326,711,389,0.98925626,3
2,512,513,341,569,410,0.997235,2
2,513,512,161,539,193,0.9931781,5
2,513,432,186,467,228,0.9951644,4
2,513,537,344,598,420,0.9928912,2
2,514,519,160,548,194,0.9902131,5
2,514,436,202,473,246,0.99461246,4
2,514,503,369,524,395,0.54236346,0
2,514,559,378,621,455,0.9936667,2
2,515,532,169,563,203,0.99238706,5
2,515,440,198,479,245,0.996497,4
2,515,578,391,644,471,0.98560566,2
2,516,549,169,581,207,0.990194,5
2,516,448,205,487,253,0.9961404,4
2,517,554,172,587,209,0.9893021,5
2,517,470,223,510,273,0.99246067,4
2,518,546,183,581,225,0.99425054,5
2,518,487,221,529,274,0.99546707,4
2,519,542,183,578,223,0.9945241,5
2,519,501,239,545,294,0.9930988,4
2,520,551,190,586,231,0.99321306,5
2,520,505,257,552,318,0.997352,4
2,521,567,198,604,242,0.99403954,5
2,521,516,261,563,321,0.9955479,4
2,522,570,195,607,241,0.9930213,5
2,522,533,284,583,350,0.99261993,4
2,523,564,210,604,260,0.9912514,5
2,523,570,300,625,370,0.99534804,4
2,524,560,214,600,264,0.9934371,5
2,524,591,297,649,374,0.9963032,4
2,525,433,9,442,20,0.54042935,0
2,525,574,219,615,269,0.9961473,5
2,525,605,329,665,404,0.99636286,4
2,526,602,231,647,287,0.99645245,5
2,526,618,350,678,427,0.99657744,4
2,526,598,363,616,388,0.5011645,0
2,527,627,231,672,287,0.9964843,5
2,527,642,351,703,436,0.99296063,4
2,528,638,256,684,313,0.9962561,5
2,529,17,113,29,129,0.65500224,0
2,529,640,262,688,326,0.99645823,5
2,529,706,407,719,429,0.81175554,0
2,530,667,269,714,332,0.98672116,5
2,531,660,121,670,133,0.6128237,0
4,306,659,122,669,134,0.51538384,0
4,315,190,105,205,124,0.750049,0
4,316,638,113,650,128,0.81619966,0
4,316,201,106,214,123,0.74699956,0
4,318,660,120,671,133,0.5874306,0
4,320,660,120,670,133,0.72659355,0
4,327,613,133,623,146,0.8382106,0
4,327,643,123,651,132,0.5018913,0
4,332,288,100,297,112,0.5989616,0
4,337,639,117,650,130,0.5877164,0
4,340,663,111,678,131,0.94017434,0
4,342,638,112,648,123,0.5838412,0
4,345,284,102,293,112,0.5539084,1
4,349,288,103,298,115,0.96095186,1
4,350,287,103,296,114,0.93124527,1
4,355,337,6,351,22,0.513986,0
4,356,277,103,288,117,0.85943073,1
4,356,255,102,265,114,0.66578835,4
4,362,279,104,290,118,0.92755693,1
4,362,256,102,265,114,0.8552494,4
4,363,281,107,292,121,0.9578447,1
4,363,256,103,265,114,0.8221272,4
4,363,303,107,314,120,0.7025245,5
4,364,285,106,294,118,0.93960875,1
4,365,286,106,297,119,0.9292278,1
4,366,252,102,264,117,0.8701223,4
4,366,287,107,297,119,0.83896047,1
4,367,286,106,295,117,0.96052754,1
4,368,289,107,299,120,0.95094764,1
4,368,265,103,274,115,0.7893925,4
4,368,659,121,669,133,0.6468743,0
4,368,672,134,680,143,0.5797825,0
4,368,637,113,645,123,0.52211547,0
4,369,292,107,303,121,0.9612432,1
4,369,266,102,276,115,0.8042007,4
4,370,293,106,303,119,0.9272012,1
4,370,264,101,275,115,0.9213324,4
4,371,295,107,305,120,0.96761537,1
4,371,263,104,272,116,0.92270505,4
4,371,314,103,323,114,0.6096601,5
4,372,294,107,304,119,0.95316803,1
4,372,315,104,326,117,0.8706168,5
4,372,316,183,334,204,0.7322926,0
4,373,294,107,304,120,0.7993462,1
4,373,266,104,275,114,0.7341559,4
4,374,296,109,305,121,0.9587332,1
4,374,267,100,276,113,0.88245255,4
4,374,318,104,326,114,0.74366236,5
4,375,298,109,310,123,0.9697174,1
4,375,268,101,277,111,0.7771275,4
4,377,310,103,320,114,0.5193449,5
4,378,298,110,310,124,0.9585979,1
4,378,315,102,325,114,0.68568563,0
4,379,299,109,311,123,0.87670356,1
4,379,259,116,282,142,0.84893256,0
4,381,267,110,276,120,0.8001717,2
4,382,304,110,313,121,0.8836565,1
4,382,270,110,279,120,0.83892214,2
4,382,270,105,276,112,0.73425764,0
4,382,275,107,281,115,0.58945864,0
4,382,339,6,353,22,0.56703985,0
4,383,302,111,313,122,0.67955065,1
4,384,302,110,312,122,0.5461253,1
4,384,272,104,284,118,0.54122615,0
4,385,303,112,314,124,0.87855864,1
4,385,270,104,279,115,0.73234206,0
4,386,306,110,315,121,0.54460233,1
4,387,309,111,320,123,0.9475579,1
4,387,37,221,52,240,0.67152387,0
4,388,273,108,284,121,0.76605606,2
4,388,275,105,283,113,0.5491999,0
4,388,309,112,319,124,0.5008672,1
4,389,272,104,284,119,0.9551265,0
4,389,305,113,316,125,0.84479326,1
4,389,269,101,277,111,0.6163199,4
4,391,326,104,336,116,0.9018924,5
4,391,267,105,277,117,0.8299724,4
4,391,338,5,353,22,0.7805486,0
4,392,266,104,274,114,0.85792905,4
4,392,672,132,684,147,0.8557838,0
4,392,311,113,322,125,0.5431136,1
4,393,265,103,277,118,0.9577953,4
4,395,307,113,317,126,0.9042806,1
4,395,267,103,276,113,0.7194962,4
4,396,270,104,283,119,0.9651155,4
4,396,307,113,320,126,0.84122366,1
4,397,554,145,567,162,0.7051637,0
4,398,267,105,278,118,0.94349134,4
4,398,312,115,324,127,0.7436095,1
4,399,338,108,349,121,0.8952255,5
4,399,312,115,323,128,0.88228464,1
4,400,310,115,323,130,0.9743329,1
4,400,337,106,349,121,0.9706854,5
4,400,673,133,685,147,0.63202655,0
4,401,308,113,321,128,0.9848525,1
4,401,279,105,288,117,0.9054398,4
4,402,311,115,323,131,0.97296417,1
4,402,331,106,342,120,0.9409332,5
4,402,281,104,291,117,0.94028795,4
4,403,314,115,325,129,0.95035845,1
4,403,332,106,340,116,0.94782394,5
4,403,284,104,293,114,0.91772205,4
4,404,286,107,296,119,0.93229806,4
4,404,331,107,342,121,0.92642397,5
4,404,315,116,325,128,0.76674587,1
4,405,332,106,341,117,0.9752578,5
4,405,316,117,325,129,0.95422214,1
4,405,285,105,294,115,0.9377122,4
4,405,282,102,289,111,0.5843531,0
4,405,320,113,332,128,0.5825863,0
4,406,285,105,296,118,0.95890737,4
4,406,334,107,342,118,0.94261414,5
4,406,314,117,325,131,0.92051804,1
4,406,282,103,290,112,0.6957162,0
4,407,286,106,294,115,0.88734573,4
4,407,316,117,327,130,0.8710356,1
4,407,333,108,342,118,0.69111073,5
4,408,286,105,297,118,0.9405026,4
4,408,320,118,331,132,0.87824345,1
4,408,333,107,341,116,0.7495411,5
4,409,322,116,334,131,0.9691195,1
4,409,334,107,343,117,0.9668734,5
4,409,285,106,293,116,0.95738846,4
4,409,283,104,290,112,0.6802183,0
4,409,278,113,288,126,0.60242647,2
4,409,328,112,339,127,0.5698138,0
4,410,282,109,293,122,0.96861434,4
4,410,337,109,348,123,0.96004367,5
4,410,322,118,333,132,0.8353331,1
4,410,315,116,324,128,0.53226763,0
4,411,322,119,335,134,0.98305595,1
4,411,300,118,311,130,0.9430322,3
4,411,281,107,289,117,0.93050194,4
4,411,340,113,350,124,0.5648509,5
4,412,321,116,334,132,0.98603654,1
4,412,281,106,291,119,0.9382393,5
4,412,300,120,310,131,0.7181554,3
4,412,310,119,321,132,0.52829057,0
4,413,322,119,334,132,0.9861015,1
4,413,282,108,294,123,0.9810385,4
4,414,325,116,339,134,0.9820817,1
4,414,284,106,293,117,0.9693067,4
4,415,327,115,341,133,0.9913025,1
4,415,286,108,295,117,0.95097524,4
4,415,302,119,313,133,0.8073169,3
4,415,275,124,284,135,0.65222466,2
4,415,297,124,306,135,0.6259306,0
4,416,327,118,341,134,0.93867564,1
4,416,280,111,292,125,0.7526006,4
4,416,303,120,316,134,0.7065763,3
4,417,322,117,337,135,0.97442096,1
4,417,280,109,291,122,0.9667463,4
4,418,321,117,335,135,0.9909865,1
4,418,280,109,291,123,0.9816337,4
4,418,296,124,306,136,0.5268138,2
4,419,322,118,336,135,0.99140733,1
4,419,284,111,293,122,0.90174365,4
4,419,290,117,301,130,0.78464705,0
4,419,297,122,305,133,0.74645764,2
4,420,324,117,339,135,0.9874887,1
4,420,283,109,296,124,0.9631887,4
4,420,306,109,318,125,0.9535556,5
4,421,324,117,338,135,0.99134254,1
4,421,299,110,312,125,0.9481909,5
4,421,283,111,292,122,0.8212667,4
4,421,290,123,298,133,0.66724515,2
4,421,286,114,297,128,0.5135046,0
4,422,321,119,336,137,0.9873467,1
4,422,296,113,308,127,0.8303008,0
4,422,619,123,633,140,0.7254859,0
4,422,290,124,299,135,0.64991623,0
4,422,284,113,292,123,0.64568335,4
4,422,290,116,301,129,0.6299233,2
4,423,318,119,332,136,0.9864667,1
4,423,283,112,293,123,0.8924405,4
4,423,292,121,303,135,0.88342863,2
4,424,318,118,331,136,0.9848663,1
4,424,283,110,292,121,0.9767007,4
4,424,307,112,319,126,0.6769496,5
4,424,313,114,325,129,0.5525249,0
4,424,299,123,309,134,0.5121841,0
4,425,320,119,335,137,0.98752844,1
4,425,285,112,294,123,0.9458766,4
4,425,308,110,320,124,0.86810285,5
4,426,324,118,339,137,0.98936594,1
4,426,287,111,300,127,0.9213819,4
4,426,307,112,319,126,0.61479795,5
4,427,325,119,340,138,0.989516,1
4,427,290,120,302,135,0.91203123,2
4,427,308,110,321,124,0.76674414,5
4,427,284,111,291,121,0.5378236,0
4,428,324,121,339,139,0.97550225,1
4,428,289,116,300,129,0.91655034,0
4,428,313,111,325,125,0.8721041,5
4,428,295,123,306,138,0.59090036,2
4,429,324,119,340,138,0.990157,1
4,429,286,113,299,129,0.96139944,4
4,429,292,126,305,142,0.54524964,2
4,430,328,121,343,139,0.9787183,1
4,430,286,116,298,130,0.6651084,0
4,431,337,122,352,140,0.98630685,1
4,431,291,115,302,128,0.94293076,4
4,431,317,124,327,137,0.85470253,3
4,431,325,116,337,130,0.69184685,5
4,432,341,120,356,139,0.9876611,1
4,432,320,123,331,138,0.9301611,3
4,432,274,121,285,134,0.7584325,2
4,432,297,116,308,129,0.7373341,4
4,432,326,116,338,129,0.61715066,5
4,432,289,118,297,128,0.51291895,0
4,433,341,124,357,144,0.98671585,1
4,433,294,112,306,127,0.9683169,4
4,433,315,121,327,136,0.91358423,3
4,433,269,122,279,134,0.7770372,2
4,433,328,116,339,129,0.7473363,5
4,433,336,115,347,128,0.60202265,0
4,434,336,122,352,142,0.9838456,1
4,434,311,122,322,136,0.9488354,3
4,434,288,115,299,129,0.94551605,4
4,434,271,126,281,138,0.8167905,2
4,434,337,5,352,21,0.6945275,0
4,435,337,122,354,142,0.975816,1
4,435,307,122,318,137,0.9738849,3
4,435,275,121,287,136,0.95769,2
4,435,280,117,290,129,0.7628459,4
4,435,347,113,357,125,0.6206433,0
4,436,341,124,359,146,0.9902064,1
4,436,310,124,322,139,0.9768447,3
4,436,277,119,290,134,0.91181165,2
4,437,345,123,363,146,0.9896203,1
4,437,316,123,327,137,0.9660294,3
4,437,278,119,290,134,0.943236,2
4,437,340,114,351,127,0.6872524,5
4,437,223,24,232,34,0.5025619,0
4,438,343,126,361,148,0.98850924,1
4,438,281,123,293,137,0.9646404,2
4,438,317,124,329,139,0.9452417,3
4,438,281,117,290,128,0.6760177,0
4,438,342,113,354,126,0.6725159,5
4,439,338,128,355,148,0.9898357,1
4,439,314,125,325,139,0.96002257,3
4,439,283,125,295,138,0.9472254,2
4,439,280,116,291,128,0.8639741,4
4,440,337,126,355,148,0.9881247,1
4,440,314,123,325,136,0.96327674,3
4,440,280,115,291,129,0.9450107,4
4,440,285,123,297,137,0.87865484,2
4,440,350,115,360,126,0.72436315,5
4,441,343,129,362,151,0.98594725,1
4,441,276,117,288,132,0.97502726,4
4,441,315,124,327,139,0.971094,3
4,441,285,124,297,139,0.9602398,2
4,441,671,132,681,145,0.85435957,0
4,442,271,114,281,127,0.9896263,4
4,442,352,128,371,151,0.9867845,1
4,442,319,123,330,138,0.96702117,3
4,442,285,130,296,143,0.871151,2
4,442,343,116,353,128,0.8277677,5
4,442,280,123,290,136,0.5694217,0
4,443,272,113,286,130,0.9887806,4
4,443,355,128,375,152,0.9859599,1
4,443,319,125,330,139,0.96598387,3
4,443,346,117,357,130,0.8448173,5
4,443,281,128,293,141,0.548434,2
4,443,339,126,351,141,0.51750386,0
4,444,273,117,287,134,0.98887056,4
4,444,353,132,373,156,0.9783941,1
4,444,314,128,325,142,0.96587735,3
4,444,349,119,360,132,0.90333146,5
4,444,286,134,298,148,0.8935142,2
4,445,352,130,373,154,0.98707783,1
4,445,314,127,326,143,0.98180217,3
4,445,279,115,291,130,0.97795975,4
4,445,291,134,300,146,0.8907814,2
4,446,360,136,378,158,0.98128533,1
4,446,280,114,292,129,0.97776,4
4,446,318,131,330,146,0.96999705,3
4,446,293,128,304,141,0.87381226,2
4,446,352,119,363,131,0.86975205,5
4,446,336,134,347,148,0.53101736,0
4,447,373,140,392,161,0.9928611,1
4,447,324,130,336,145,0.97709686,3
4,447,348,119,359,132,0.9706988,5
4,447,281,118,295,134,0.9644943,4
4,447,291,131,303,147,0.93749106,2
4,448,345,116,358,131,0.9792149,5
4,448,283,123,297,140,0.96179694,2
4,448,281,117,291,129,0.87249947,4
4,448,328,134,339,146,0.853792,3
4,448,377,142,395,159,0.7108613,1
4,449,347,117,357,130,0.97917354,5
4,449,331,133,342,147,0.92876405,3
4,449,286,118,296,130,0.8836113,4
4,449,288,129,301,145,0.796515,2
4,449,326,134,335,144,0.53995156,0
4,449,603,74,618,93,0.5040402,0
4,450,293,118,305,133,0.9871523,4
4,450,331,132,344,147,0.9654956,3
4,450,350,116,362,131,0.9591987,5
4,450,287,136,296,147,0.7207888,2
4,451,296,118,309,132,0.9905093,4
4,451,375,143,395,165,0.9830845,1
4,451,334,130,347,147,0.9810176,3
4,451,351,116,362,129,0.93272907,5
4,451,283,137,292,148,0.50963813,0
4,452,379,139,400,165,0.9885289,1
4,452,299,117,311,131,0.9878796,4
4,452,347,116,360,133,0.9876671,5
4,452,285,135,296,148,0.94294274,2
4,452,335,129,348,145,0.92867666,3
4,452,339,8,353,24,0.6517541,0
4,452,672,133,683,146,0.6143255,0
4,453,384,137,410,168,0.9932683,1
4,453,299,117,312,134,0.98323846,4
4,453,333,130,348,148,0.9724681,3
4,453,280,136,291,151,0.9530461,2
4,453,344,115,355,129,0.9409687,5
4,453,356,135,366,147,0.7628516,0
4,454,387,141,413,171,0.99225837,1
4,454,298,118,312,135,0.99034774,4
4,454,332,128,345,145,0.9541692,3
4,454,343,114,355,129,0.9507857,5
4,454,281,134,291,147,0.8266834,2
4,455,389,148,413,175,0.9887334,1
4,455,300,117,312,131,0.9830483,4
4,455,346,117,359,133,0.97821665,5
4,455,336,132,349,149,0.9437567,3
4,455,286,135,300,151,0.86482614,2
4,456,390,145,415,173,0.9891166,1
4,456,303,119,316,136,0.97384304,4
4,456,350,115,363,131,0.97381216,5
4,456,339,130,354,148,0.94433224,3
4,456,292,131,302,144,0.56813693,2
4,457,397,152,421,178,0.992812,1
4,457,306,118,319,135,0.98827505,4
4,457,350,117,362,131,0.97036403,5
4,457,341,133,353,148,0.9570515,3
4,457,292,137,304,151,0.6254296,2
4,458,406,150,431,180,0.9914995,1
4,458,306,117,320,135,0.98577756,4
4,458,344,118,359,136,0.9611307,5
4,458,342,129,355,147,0.93171,3
4,458,291,135,303,150,0.8869839,2
4,459,409,151,435,181,0.9930502,1
4,459,305,119,319,136,0.9840424,4
4,459,340,133,352,146,0.9660165,3
4,459,343,116,355,130,0.9287384,5
4,460,407,156,435,188,0.9955544,1
4,460,304,121,317,136,0.9636537,4
4,460,344,119,359,135,0.93745875,5
4,460,342,134,356,151,0.9097184,3
4,460,297,138,310,153,0.72308785,2
4,461,398,153,428,190,0.9920574,1
4,461,351,118,362,131,0.97201794,5
4,461,344,133,356,149,0.9550889,3
4,461,301,121,315,138,0.90141076,4
4,461,302,133,315,148,0.86111194,2
4,462,399,155,430,191,0.9910171,1
4,462,344,134,357,151,0.96919316,3
4,462,350,120,364,136,0.9457256,5
4,462,302,120,316,137,0.9372205,4
4,462,301,137,315,153,0.8932736,2
4,463,408,163,438,199,0.98697555,1
4,463,304,122,318,139,0.9791255,4
4,463,346,122,361,139,0.9734604,5
4,463,343,133,356,150,0.93755203,3
4,463,295,141,310,157,0.9182169,2
4,464,419,162,450,197,0.9927088,1
4,464,305,119,318,135,0.9872457,4
4,464,341,130,356,148,0.9321006,3
4,464,290,135,303,153,0.90832436,2
4,464,340,117,352,130,0.74332094,5
4,465,420,166,452,205,0.989861,1
4,465,302,118,317,136,0.98454016,4
4,465,342,119,356,136,0.97067505,5
4,465,345,135,361,155,0.96102417,3
4,465,288,139,302,156,0.80876863,2
4,466,346,132,363,152,0.988316,3
4,466,295,123,310,140,0.95141923,4
4,466,414,174,447,211,0.94458574,1
4,466,294,140,310,158,0.64454365,2
4,467,355,120,368,136,0.9848546,5
4,467,287,119,304,140,0.9806096,4
4,467,347,139,362,158,0.9637948,3
4,467,420,173,450,209,0.87995255,1
4,467,298,138,314,155,0.8690555,2
4,468,289,120,305,140,0.98701966,4
4,468,355,120,369,137,0.96689,5
4,468,343,137,360,157,0.96389073,3
4,468,429,181,461,222,0.6129505,1
4,469,346,138,363,158,0.974568,3
4,469,356,121,370,138,0.96969575,5
4,469,291,123,309,145,0.96442056,4
4,469,302,143,319,160,0.8298093,2
4,469,661,122,672,135,0.69494516,0
4,470,298,120,315,141,0.9869696,4
4,470,355,120,369,137,0.9773242,5
4,470,353,141,368,159,0.92980903,3
4,470,306,146,323,162,0.7224491,2
4,471,302,121,317,140,0.98591995,4
4,471,353,138,369,158,0.97046477,3
4,471,337,287,353,308,0.96964353,0
4,471,359,122,374,138,0.9636231,5
4,471,315,147,331,164,0.9058603,2
4,471,312,276,323,289,0.56631887,0
4,472,299,123,316,144,0.97966135,4
4,472,367,122,382,141,0.97900623,5
4,472,322,145,337,162,0.96092886,2
4,472,353,145,370,164,0.95969945,3
4,472,661,121,672,135,0.8832756,0
4,473,373,122,388,140,0.9856675,5
4,473,295,124,312,144,0.98474425,4
4,473,355,143,374,164,0.97191644,3
4,473,316,147,335,168,0.9446218,2
4,474,365,146,382,166,0.9749273,3
4,474,312,147,332,169,0.97484565,2
4,474,298,120,314,141,0.9746882,4
4,474,376,125,390,142,0.9562431,5
4,474,151,288,166,306,0.66130024,0
4,475,301,124,318,145,0.9823272,4
4,475,374,146,393,168,0.9728631,3
4,475,313,148,332,171,0.96214056,2
4,475,375,124,390,142,0.9589143,5
4,475,639,120,648,131,0.59863317,0
4,475,643,121,653,133,0.5635748,0
4,476,307,125,325,147,0.9840164,4
4,476,379,122,394,139,0.9679652,5
4,476,378,146,395,168,0.9655501,3
4,476,316,153,336,176,0.94933665,2
4,477,377,153,396,175,0.9824389,3
4,477,317,148,338,172,0.96914476,2
4,477,310,122,328,143,0.96355194,4
4,477,386,123,401,142,0.9628731,5
4,478,311,127,328,147,0.9883908,4
4,478,395,121,410,140,0.9799273,5
4,478,380,152,399,174,0.9762657,3
4,478,314,154,335,178,0.95496494,2
4,479,308,127,326,149,0.9921997,4
4,479,386,158,404,179,0.9838448,3
4,479,398,123,414,142,0.98148775,5
4,479,312,155,329,173,0.5670317,2
4,480,311,126,329,147,0.9887995,3
4,480,389,154,408,176,0.9864563,5
4,480,530,273,589,347,0.9509899,2
4,480,313,158,333,179,0.8767338,3
4,481,388,154,408,178,0.98781186,4
4,481,544,285,607,356,0.9706805,5
4,481,394,126,408,143,0.92082095,2
4,482,555,318,616,393,0.99710137,3
4,482,385,153,405,177,0.9839436,2
4,482,327,153,348,177,0.9486788,5
4,482,395,127,411,144,0.94100577,4
4,483,401,130,417,148,0.975367,5
4,483,391,155,411,179,0.9742021,3
4,483,328,132,347,152,0.9557446,4
4,483,328,157,350,181,0.9505484,2
4,484,327,162,349,187,0.95929986,2
4,484,402,157,424,184,0.9567126,3
4,484,405,127,420,145,0.94560635,5
4,484,330,136,347,155,0.9405309,4
4,485,411,152,431,179,0.97919273,3
4,485,404,130,420,148,0.96789193,5
4,485,328,135,346,154,0.96517634,4
4,486,396,130,414,150,0.9795887,5
4,486,413,159,434,185,0.9777459,3
4,486,329,132,351,154,0.96068364,4
4,486,337,169,358,194,0.95686024,2
4,487,411,159,434,188,0.98540395,3
4,487,345,164,370,192,0.97615165,2
4,487,397,129,412,147,0.97424567,5
4,487,335,138,356,163,0.97345924,4
4,487,660,119,673,135,0.77052325,0
4,488,417,162,440,191,0.981939,3
4,488,341,132,359,157,0.9798986,4
4,488,403,132,419,151,0.95376563,5
4,488,351,169,375,195,0.7890854,2
4,489,340,131,361,155,0.985753,4
4,489,425,169,450,198,0.9799485,3
4,489,413,131,431,152,0.9768331,5
4,490,337,136,359,163,0.9913306,4
4,490,427,166,452,197,0.97564924,3
4,490,415,130,433,152,0.97505164,5
4,490,704,382,719,416,0.8077231,0
4,490,659,122,669,134,0.5301425,0
4,491,334,134,356,159,0.99232614,4
4,491,410,136,428,155,0.9902602,5
4,491,430,175,455,206,0.9794632,3
4,492,337,133,359,159,0.9906853,4
4,492,429,174,455,206,0.9895734,3
4,492,404,130,425,153,0.98254514,5
4,493,343,138,367,165,0.9921292,4
4,493,408,131,429,155,0.99078256,5
4,493,436,180,462,214,0.9858086,3
4,494,351,135,374,163,0.9895517,4
4,494,419,134,439,156,0.9843427,5
4,494,444,182,471,216,0.9832062,3
4,495,425,134,444,154,0.9905856,5
4,495,354,137,377,165,0.9881693,4
4,495,449,182,477,217,0.98237485,3
4,496,454,194,484,229,0.9938797,3
4,496,424,137,443,159,0.9929771,5
4,496,354,147,377,172,0.99178374,4
4,497,461,190,493,228,0.99090624,3
4,497,417,136,436,159,0.9886564,5
4,497,351,144,375,171,0.98707205,4
4,498,477,200,508,238,0.9926617,3
4,498,420,138,439,159,0.98900956,5
4,498,356,150,378,172,0.9887267,4
4,498,364,207,402,252,0.89410573,2
4,499,490,206,523,243,0.99532026,3
4,499,429,141,449,165,0.9895998,5
4,499,365,158,388,185,0.9857065,4
4,499,363,218,396,267,0.71645916,2
4,500,438,138,460,163,0.99390244,5
4,500,497,211,530,250,0.9911534,3
4,500,373,155,397,181,0.98831356,4
4,501,496,224,532,268,0.99090236,3
4,501,442,142,463,165,0.9892464,5
4,501,374,158,400,187,0.987645,4
4,501,362,228,411,280,0.8959404,2
4,502,438,141,462,169,0.99437124,5
4,502,372,164,398,193,0.99091303,4
4,502,507,225,542,266,0.9688119,3
4,502,397,224,434,276,0.8872714,2
4,503,372,159,399,190,0.99157494,4
4,503,443,141,463,166,0.9850476,5
4,503,397,232,441,287,0.98026407,2
4,503,521,239,555,279,0.8173623,3
4,503,158,248,171,264,0.76428425,0
4,504,374,161,401,194,0.99115247,4
4,504,451,143,476,173,0.9909258,5
4,504,399,245,443,307,0.85517997,2
4,504,536,243,572,286,0.81337523,3
4,505,466,144,491,173,0.9878492,5
4,505,386,164,417,203,0.9838635,4
4,505,409,245,455,301,0.86567616,2
4,506,471,140,498,169,0.99217916,5
4,506,395,161,424,198,0.9825502,4
4,506,553,266,594,313,0.98020524,3
4,506,439,264,480,323,0.88991815,2
4,507,472,146,499,177,0.992935,5
4,507,562,255,608,312,0.9896791,3
4,507,397,167,430,209,0.9794871,4
4,507,470,265,514,329,0.9659532,2
4,508,587,273,634,332,0.9943171,3
4,508,474,141,503,173,0.99101686,5
4,508,394,172,428,215,0.7851394,4
4,508,492,282,529,340,0.54629534,2
4,509,619,279,665,338,0.9970798,3
4,509,485,149,513,181,0.99227375,5
4,509,395,167,431,212,0.9639029,4
4,509,491,302,538,365,0.714241,2
4,510,637,295,686,356,0.99197394,3
4,510,501,150,527,182,0.98742014,5
4,510,408,174,441,220,0.9653122,4
4,510,494,304,548,372,0.95199156,2
4,510,336,4,353,21,0.50143623,0
4,511,656,322,706,387,0.99521095,3
4,511,508,148,538,184,0.9911644,5
4,511,513,335,561,399,0.96493393,2
4,511,420,178,459,228,0.93974346,4
4,512,530,339,591,412,0.99689144,2
4,512,512,159,541,195,0.99262697,5
4,512,427,176,464,228,0.987591,4
4,513,550,369,612,445,0.994635,2
4,513,516,159,544,193,0.9946189,5
4,513,437,195,475,243,0.978247,4
4,513,111,81,127,101,0.51309323,0
4,514,566,387,634,477,0.99415815,2
4,514,527,164,556,199,0.989782,5
4,514,438,197,479,248,0.95333,4
4,515,545,169,577,207,0.9927377,5
4,515,603,401,666,470,0.96816146,2
4,515,449,197,487,248,0.9522997,4
4,516,553,167,585,206,0.97438705,5
4,516,465,217,508,274,0.93280417,4
4,516,585,178,604,202,0.7621589,0
4,516,660,120,672,134,0.73298967,0
4,516,614,134,622,145,0.5953864,0
4,517,552,181,583,220,0.9874692,5
4,517,490,219,531,278,0.52765733,4
4,518,539,182,574,225,0.9898915,5
4,519,547,182,584,227,0.98925763,5
4,520,562,196,598,240,0.9950203,5
4,520,510,241,557,313,0.9445268,4
4,521,569,192,606,237,0.99253744,5
4,521,528,260,577,337,0.9012654,4
4,521,586,159,602,177,0.7585558,0
4,522,570,208,607,254,0.9914962,5
4,522,555,287,611,365,0.98755217,4
4,522,586,160,603,181,0.7532269,0
4,523,587,298,643,370,0.99737144,4
4,523,560,213,600,264,0.9787064,5
4,524,602,319,659,394,0.9963337,4
4,524,565,209,610,263,0.9911935,5
4,525,609,346,673,426,0.9977737,4
4,525,593,231,636,282,0.9953258,5
4,526,622,232,665,285,0.9968172,5
4,526,630,338,697,430,0.9954081,4
4,527,637,246,682,304,0.9944629,5
4,527,661,373,714,464,0.9372962,4
4,528,636,264,683,325,0.99800164,5
4,529,657,260,709,327,0.9958604,5
4,529,700,98,712,114,0.793518,0
4,530,638,114,648,125,0.60136443,0
4,534,659,121,670,134,0.857624,0
6,304,243,97,250,105,0.69048584 ,1,
6,305,249,98,256,107,0.53362906 ,1,
6,310,258,100,266,110,0.81000817 ,1,
6,310,233,105,239,113,0.64597040 ,2,
6,311,259,101,267,111,0.53323317 ,1,
6,311,236,104,244,113,0.50325670 ,2,
6,312,260,99,267,108,0.87562670 ,1,
6,312,242,103,249,112,0.68306357 ,2,
6,313,242,107,249,115,0.74119484 ,2,
6,313,261,99,268,107,0.59181654 ,1,
6,315,266,100,274,109,0.87135230 ,1,
6,315,248,105,255,113,0.53346560 ,2,
6,316,266,99,274,109,0.75285710 ,1,
6,317,265,102,273,112,0.64044213 ,1,
6,320,271,100,278,109,0.70293206 ,1,
6,321,272,101,279,111,0.80281144 ,1,
6,336,297,99,305,109,0.77272110 ,5,
6,336,278,100,287,111,0.51082790 ,1,
6,337,298,99,306,108,0.52543410 ,5,
6,337,283,101,292,111,0.51138150 ,1,
6,342,283,100,292,112,0.87944627 ,1,
6,342,253,104,262,115,0.78929895 ,0,
6,345,256,101,264,112,0.60402990 ,4,
6,345,289,99,298,110,0.57247200 ,0,
6,348,287,101,296,111,0.60129863 ,1,
6,349,287,101,298,114,0.90709700 ,1,
6,349,271,108,281,120,0.67463005 ,3,
6,349,252,103,260,113,0.61561630 ,4,
6,350,289,101,297,112,0.96504950 ,1,
6,350,253,102,261,111,0.72532720 ,5,
6,351,286,101,295,112,0.88022780 ,1,
6,353,284,101,293,112,0.72248380 ,1,
6,353,645,98,656,110,0.64114550 ,0,
6,354,282,102,291,112,0.57101345 ,1,
6,355,281,103,290,113,0.78101380 ,1,
6,356,279,101,289,113,0.94593680 ,1,
6,357,278,102,289,115,0.94112587 ,1,
6,358,279,104,289,116,0.89033383 ,1,
6,359,280,102,290,113,0.66853600 ,1,
6,360,280,104,289,115,0.65691670 ,1,
6,360,252,100,261,111,0.62816090 ,4,
6,362,279,106,289,118,0.89110637 ,1,
6,362,256,102,265,114,0.85216170 ,4,
6,363,280,105,290,118,0.94160140 ,1,
6,363,256,104,265,115,0.91296200 ,4,
6,363,661,121,672,135,0.74998534 ,0,
6,364,285,105,295,118,0.96004784 ,1,
6,364,256,104,264,114,0.87101060 ,4,
6,365,286,106,296,119,0.95989190 ,1,
6,365,255,102,264,114,0.82187230 ,4,
6,365,312,104,320,115,0.65075207 ,5,
6,366,287,106,296,118,0.98102550 ,1,
6,366,316,103,324,113,0.86732980 ,5,
6,366,255,103,264,115,0.84439520 ,4,
6,366,260,109,267,117,0.68455327 ,2,
6,367,286,106,296,119,0.97360610 ,1,
6,367,258,105,267,117,0.89248455 ,4,
6,367,320,103,329,113,0.84998435 ,5,
6,368,287,106,297,118,0.96526130 ,1,
6,368,262,102,269,111,0.83256800 ,4,
6,368,258,105,265,113,0.68633634 ,0,
6,369,291,107,301,120,0.96649000 ,1,
6,369,266,103,275,114,0.91704065 ,4,
6,369,321,103,330,114,0.76062405 ,5,
6,370,293,106,303,120,0.96017880 ,1,
6,370,321,104,330,114,0.86811420 ,5,
6,370,267,101,276,113,0.86510160 ,0,
6,371,294,106,304,120,0.97348875 ,1,
6,371,264,104,274,117,0.91227930 ,4,
6,371,317,103,325,113,0.87327800 ,5,
6,371,270,111,278,120,0.55386657 ,0,
6,372,294,108,304,121,0.97461754 ,1,
6,372,315,104,324,114,0.91110250 ,5,
6,372,264,106,273,117,0.80630150 ,4,
6,372,272,112,279,121,0.65187400 ,2,
6,373,293,107,302,118,0.97060454 ,1,
6,373,317,104,326,114,0.93330026 ,5,
6,373,266,104,275,115,0.82579800 ,4,
6,374,294,107,304,121,0.97481525 ,1,
6,374,318,104,327,116,0.94564086 ,5,
6,374,266,103,275,115,0.93965685 ,4,
6,375,298,110,307,120,0.97377230 ,1,
6,375,317,104,326,115,0.90655960 ,5,
6,375,268,103,277,114,0.80064800 ,4,
6,375,302,109,313,122,0.51073676 ,0,
6,376,298,109,308,121,0.95720350 ,1,
6,376,313,103,323,115,0.90745970 ,5,
6,376,268,104,278,116,0.83308090 ,4,
6,376,303,106,315,120,0.73201130 ,0,
6,376,272,110,280,120,0.58808380 ,2,
6,377,267,105,278,118,0.92777710 ,0,
6,377,311,102,320,113,0.92366475 ,5,
6,377,300,110,309,120,0.89665920 ,1,
6,378,298,109,309,121,0.73364186 ,1,
6,378,266,104,277,117,0.60573643 ,0,
6,379,299,109,311,124,0.96137630 ,1,
6,379,316,103,327,115,0.89768780 ,5,
6,379,266,105,275,117,0.69198310 ,0,
6,380,302,111,312,123,0.90941540 ,1,
6,380,266,103,275,115,0.86292803 ,4,
6,380,320,102,329,113,0.72144276 ,5,
6,381,305,110,316,124,0.91991526 ,1,
6,381,320,103,329,114,0.89590260 ,5,
6,381,266,105,276,117,0.85962690 ,2,
6,382,325,104,336,118,0.95640785 ,5,
6,382,305,111,315,124,0.93910510 ,1,
6,382,269,104,279,116,0.76930445 ,0,
6,382,287,111,295,120,0.50535270 ,0,
6,383,325,103,335,116,0.96295166 ,5,
6,383,305,112,315,125,0.94656855 ,1,
6,383,274,101,284,113,0.91962210 ,4,
6,384,325,102,334,114,0.97453725 ,5,
6,384,302,109,313,123,0.96273250 ,1,
6,384,275,102,285,114,0.94327235 ,4,
6,384,270,103,279,113,0.69015080 ,0,
6,385,323,104,334,118,0.96680720 ,5,
6,385,302,111,313,124,0.95814246 ,1,
6,385,271,106,282,119,0.82640280 ,0,track7 2&4¶¡
6,386,323,102,333,115,0.94964343 ,5,
6,386,306,111,316,125,0.94926800 ,1,
6,386,269,102,278,113,0.55579436 ,4,
6,387,308,110,319,123,0.96853715 ,1,
6,387,325,104,334,116,0.91537190 ,5,
6,387,289,110,297,120,0.73442290 ,3,
6,387,269,99,277,108,0.72752273 ,0,
6,387,271,103,280,114,0.65565530 ,4,
6,388,323,103,335,118,0.95285820 ,5,
6,388,271,105,284,120,0.93946755 ,0,
6,388,309,112,321,126,0.92000060 ,1,
6,388,269,100,277,110,0.73727480 ,0,
6,389,273,102,283,115,0.97203820 ,4,
6,389,305,112,316,125,0.95100456 ,1,
6,389,325,103,335,115,0.94643570 ,5,
6,389,285,112,293,122,0.58523184 ,0,
6,390,305,111,317,125,0.95734805 ,1,
6,390,323,103,335,118,0.95408510 ,5,
6,390,271,104,282,118,0.89666265 ,0,
6,390,268,99,278,111,0.65277430 ,4,
6,391,306,112,318,127,0.97143316 ,1,
6,391,268,105,278,118,0.95808970 ,4,
6,391,323,103,333,116,0.94130236 ,5,
6,392,310,112,322,127,0.97796637 ,1,
6,392,325,102,335,114,0.94568765 ,5,
6,392,267,105,276,117,0.90468730 ,4,
6,392,286,111,295,122,0.57695794 ,0,
6,392,274,111,282,121,0.50928500 ,2,
6,393,310,112,323,127,0.96740115 ,1,
6,393,265,104,276,117,0.93329763 ,4,
6,393,292,111,302,123,0.75688106 ,0,
6,393,298,112,308,124,0.68914750 ,3,
6,393,329,106,338,118,0.57822700 ,5,
6,394,310,113,322,128,0.97225440 ,1,
6,394,265,104,276,117,0.95231620 ,4,
6,394,329,107,338,119,0.57168360 ,5,
6,394,304,112,314,125,0.50263214 ,0,
6,395,305,111,319,126,0.94712925 ,1,
6,395,267,105,277,116,0.87552710 ,4,
6,396,306,111,319,127,0.97383750 ,1,
6,396,270,103,280,116,0.94609064 ,4,
6,396,333,102,343,115,0.54237413 ,5,
6,397,310,113,322,128,0.96913165 ,1,
6,397,333,105,341,115,0.95115435 ,5,
6,397,270,105,281,119,0.93350410 ,4,
6,398,312,113,325,128,0.98120140 ,1,
6,398,268,105,279,118,0.95510095 ,4,
6,398,333,104,341,114,0.94863560 ,5,
6,399,313,114,325,129,0.97104900 ,1,
6,399,337,107,348,121,0.97064950 ,5,
6,399,269,103,278,114,0.91035163 ,4,
6,400,311,114,324,129,0.97720385 ,1,
6,400,336,105,347,118,0.97365844 ,5,
6,400,273,105,283,117,0.82071996 ,0,
6,400,269,101,278,111,0.66116540 ,4,
6,400,278,110,287,121,0.56519866 ,2,
6,401,308,113,322,129,0.98590565 ,1,
6,401,336,106,347,120,0.97593680 ,5,
6,401,273,106,285,121,0.93958160 ,0,
6,402,310,113,322,128,0.98180723 ,1,
6,402,333,105,342,117,0.97628080 ,5,
6,402,280,103,291,116,0.96263430 ,4,
6,403,312,114,324,130,0.96506160 ,1,
6,403,331,104,341,116,0.95828120 ,5,
6,403,282,104,293,117,0.95171810 ,4,
6,404,314,113,327,129,0.96802260 ,1,
6,404,285,105,294,116,0.95680630 ,4,
6,404,332,105,341,116,0.92526850 ,5,
6,405,332,105,341,116,0.97006510 ,5,
6,405,285,104,294,115,0.96053416 ,4,
6,405,314,117,325,130,0.96023270 ,1,
6,405,268,114,275,123,0.56759894 ,0,
6,406,332,107,342,119,0.98179090 ,5,
6,406,313,118,324,130,0.95802910 ,1,
6,406,284,105,294,116,0.93584220 ,4,
6,407,314,114,327,130,0.97171290 ,1,
6,407,334,107,344,119,0.96665670 ,5,
6,407,285,105,294,116,0.96455910 ,4,
6,407,270,115,278,125,0.75446880 ,2,
6,408,317,118,329,133,0.96844214 ,1,
6,408,333,105,343,117,0.94398440 ,5,
6,408,286,105,297,119,0.94307446 ,4,
6,409,320,115,333,131,0.97133034 ,1,
6,409,285,106,294,117,0.95390050 ,4,
6,409,332,108,342,121,0.95264417 ,5,
6,409,300,112,308,123,0.73333390 ,0,
6,409,276,114,285,125,0.72389690 ,2,
6,409,271,117,278,126,0.61408140 ,0,
6,410,321,115,334,131,0.98140310 ,1,
6,410,335,107,347,122,0.97210884 ,5,
6,410,283,106,293,119,0.96848840 ,4,
6,410,328,111,341,128,0.63262550 ,0,
6,411,322,118,335,134,0.98330710 ,1,
6,411,280,107,288,117,0.94907796 ,4,
6,411,299,117,309,128,0.94638520 ,3,
6,411,342,114,357,133,0.86795060 ,0,
6,411,304,116,316,131,0.70380410 ,0,
6,411,277,112,287,125,0.56434400 ,0,
6,412,320,116,334,132,0.98741210 ,1,
6,412,281,105,291,118,0.94831270 ,4,
6,412,346,111,356,124,0.93358797 ,5,
6,412,299,117,309,128,0.92671865 ,3,
6,412,307,117,318,131,0.63082170 ,0,
6,413,322,116,335,133,0.99271340 ,1,
6,413,281,108,291,121,0.94683280 ,4,
6,413,308,117,319,131,0.84025604 ,0,
6,413,300,118,311,131,0.82423306 ,3,
6,413,269,118,276,128,0.61036810 ,0,
6,414,324,118,337,135,0.99170095 ,1,
6,414,285,107,294,118,0.97199100 ,4,
6,414,306,118,318,133,0.81691885 ,3,
6,414,275,114,286,128,0.61825450 ,2,
6,414,300,122,309,133,0.60898600 ,0,
6,414,273,124,281,133,0.54666686 ,0,
6,414,270,116,278,126,0.53862560 ,0,
6,415,327,115,342,133,0.99088776 ,1,
6,415,285,106,295,117,0.95011560 ,4,
6,415,301,118,312,132,0.88835900 ,3,
6,415,296,123,305,134,0.52965590 ,0,
6,416,327,116,341,133,0.99043405 ,1,
6,416,300,118,312,133,0.94946890 ,3,
6,416,283,110,293,124,0.94645715 ,4,
6,417,324,118,338,136,0.99220910 ,1,
6,417,280,110,291,125,0.96628153 ,4,
6,417,306,119,318,133,0.91388290 ,3,
6,418,320,117,335,134,0.99043100 ,1,
6,418,281,107,292,122,0.98116255 ,4,
6,418,298,126,307,136,0.65830480 ,0,
6,419,320,117,335,134,0.99278260 ,1,
6,419,282,111,292,123,0.97226150 ,4,
6,419,298,124,307,135,0.78500620 ,0,
6,420,323,117,338,136,0.99170060 ,1,
6,420,283,110,295,124,0.95802580 ,4,
6,420,306,110,319,125,0.87999510 ,5,
6,420,297,122,306,134,0.51468370 ,2,
6,421,325,116,339,134,0.99190510 ,1,
6,421,283,109,294,123,0.94848610 ,4,
6,421,301,110,313,125,0.90704954 ,5,
6,422,322,118,337,136,0.99086000 ,1,
6,422,283,111,292,123,0.88007180 ,4,
6,422,298,112,310,126,0.80346010 ,5,
6,422,289,113,300,126,0.72873986 ,0,
6,422,289,125,299,136,0.58559674 ,2,
6,422,295,121,305,133,0.54331183 ,0,
6,423,318,119,333,137,0.98462117 ,1,
6,423,282,112,293,125,0.96040255 ,4,
6,423,297,112,308,125,0.66196090 ,0,
6,423,294,123,304,135,0.51732650 ,2,
6,424,318,117,332,135,0.98812675 ,1,
6,424,284,109,295,124,0.96815646 ,4,
6,424,307,112,320,127,0.62159264 ,0,
6,425,319,118,334,136,0.98921776 ,1,
6,425,284,111,294,123,0.96561650 ,4,
6,425,306,106,316,116,0.76975834 ,5,
6,425,308,110,321,125,0.73105794 ,0,
6,425,299,122,308,133,0.52542156 ,0,
6,426,323,118,338,137,0.98948230 ,1,
6,426,285,111,297,125,0.96881986 ,4,
6,426,308,110,320,125,0.81371330 ,5,
6,426,292,124,301,135,0.50498180 ,2,
6,427,325,119,339,137,0.99222505 ,1,
6,427,287,111,299,126,0.90884554 ,4,
6,427,308,109,320,123,0.83751816 ,5,
6,427,306,106,315,116,0.69404966 ,0,
6,427,292,125,301,138,0.68202174 ,2,
6,428,324,121,340,140,0.98663460 ,1,
6,428,288,113,301,129,0.93858004 ,4,
6,428,312,111,325,126,0.67500680 ,5,
6,428,294,122,305,134,0.58747816 ,2,
6,429,322,118,339,138,0.99288553 ,1,
6,429,286,112,299,129,0.98269430 ,4,
6,429,292,126,305,142,0.56962234 ,2,
6,430,326,118,342,138,0.98603640 ,1,
6,430,286,112,299,128,0.97356910 ,4,
6,430,284,109,293,120,0.63394505 ,0,
6,431,333,122,349,142,0.98765730 ,1,
6,431,290,113,302,128,0.92586756 ,4,
6,431,316,123,327,137,0.80156845 ,3,
6,431,323,115,335,129,0.72611900 ,0,
6,431,283,121,292,132,0.61069965 ,2,
6,431,281,127,289,137,0.52427393 ,0,
6,432,340,120,356,140,0.98887944 ,1,
6,432,277,124,286,136,0.88874950 ,2,
6,432,293,117,304,130,0.88836735 ,4,
6,432,317,122,328,136,0.73486850 ,3,
6,432,326,115,338,129,0.65432423 ,5,
6,432,284,120,296,136,0.62634980 ,0,
6,433,341,122,358,142,0.98652830 ,1,
6,433,294,112,306,127,0.96214485 ,4,
6,433,320,121,331,135,0.87142890 ,3,
6,433,271,119,281,132,0.76515180 ,2,
6,433,328,116,340,130,0.68825900 ,5,
6,434,337,122,355,143,0.98858017 ,1,
6,434,292,112,304,126,0.97224754 ,4,
6,434,312,122,324,137,0.96614970 ,3,
6,434,267,124,276,135,0.66645175 ,2,
6,435,335,121,353,142,0.98797370 ,1,
6,435,282,114,293,128,0.97290240 ,4,
6,435,306,121,319,136,0.97213370 ,3,
6,435,271,127,279,137,0.80791205 ,0,
6,435,274,122,285,135,0.58819240 ,2,
6,436,339,124,356,145,0.99066037 ,1,
6,436,308,122,320,138,0.98054403 ,3,
6,436,274,113,287,129,0.96435976 ,0,
6,436,340,114,352,127,0.64550424 ,0,
6,437,344,123,363,145,0.99066883 ,1,
6,437,314,123,325,137,0.97198290 ,3,
6,437,274,116,286,130,0.95493800 ,0,
6,437,282,122,292,134,0.77603716 ,2,
6,437,340,113,352,127,0.77210850 ,5,
6,438,344,125,363,147,0.99157614 ,1,
6,438,282,124,293,138,0.96772970 ,2,
6,438,315,122,327,136,0.95853000 ,3,
6,438,277,118,289,131,0.78778803 ,0,
6,438,340,113,352,127,0.74186880 ,5,
6,439,340,129,357,150,0.99013025 ,1,
6,439,315,124,327,139,0.97392170 ,3,
6,439,281,116,293,132,0.96508860 ,0,
6,439,346,111,355,122,0.80886483 ,5,
6,440,338,126,355,146,0.99040260 ,1,
6,440,280,112,292,128,0.98078230 ,4,
6,440,313,123,325,138,0.96608050 ,3,
6,440,349,116,361,129,0.85096760 ,5,
6,440,286,126,298,140,0.76385325 ,2,
6,440,662,122,671,133,0.64300220 ,0,
6,441,341,128,358,149,0.98825943 ,1,
6,441,278,116,290,131,0.97577184 ,4,
6,441,313,124,325,138,0.97565913 ,3,
6,441,284,122,296,137,0.94323150 ,2,
6,441,661,122,671,135,0.88640600 ,0,
6,441,349,115,360,127,0.83404815 ,5,
6,442,350,130,368,151,0.99096550 ,1,
6,442,271,114,285,130,0.98440707 ,4,
6,442,317,123,330,138,0.97015900 ,3,
6,442,285,127,296,142,0.95489985 ,2,
6,442,342,116,353,128,0.72789496 ,5,
6,442,349,112,358,123,0.52263890 ,0,
6,443,271,112,284,130,0.98724930 ,4,
6,443,354,126,374,150,0.98185927 ,1,
6,443,318,125,330,140,0.96504630 ,3,
6,443,285,128,297,143,0.93181100 ,2,
6,443,346,114,357,128,0.91688114 ,5,
6,443,281,124,291,137,0.67957556 ,0,
6,444,272,117,284,131,0.98972976 ,4,
6,444,356,133,374,156,0.97945845 ,1,
6,444,315,126,328,142,0.97905684 ,3,
6,444,347,118,358,131,0.89571506 ,5,
6,444,282,122,294,136,0.58664450 ,0,
6,444,291,126,301,139,0.50037986 ,0,
6,445,313,126,326,142,0.98780733 ,3,
6,445,277,114,291,132,0.98227316 ,4,
6,445,351,129,371,152,0.98175675 ,1,
6,445,290,134,299,145,0.82213634 ,2,
6,445,351,116,360,127,0.67584866 ,5,
6,446,317,130,329,146,0.98119670 ,3,
6,446,355,130,375,154,0.97647670 ,1,
6,446,279,114,291,129,0.97129950 ,4,
6,446,292,127,304,143,0.91993050 ,2,
6,446,352,115,362,127,0.65364950 ,5,
6,447,323,131,336,146,0.98641545 ,3,
6,447,281,116,293,131,0.98612650 ,4,
6,447,349,119,361,132,0.96898246 ,5,
6,447,368,137,387,159,0.96481020 ,1,
6,447,294,136,303,147,0.75285757 ,0,
6,447,291,127,302,142,0.73920030 ,2,
6,448,281,120,295,136,0.98775000 ,4,
6,448,345,115,355,127,0.97377180 ,5,
6,448,328,132,340,146,0.96717290 ,3,
6,449,284,115,296,130,0.99240160 ,4,
6,449,345,114,357,129,0.98233770 ,5,
6,449,330,132,343,148,0.95856124 ,3,
6,450,348,116,361,132,0.98373670 ,5,
6,450,331,131,344,147,0.96765536 ,3,
6,450,290,118,302,131,0.95923465 ,4,
6,450,286,133,299,148,0.90271276 ,2,
6,451,297,118,308,132,0.98184500 ,4,
6,451,332,132,345,148,0.97933050 ,3,
6,451,350,114,363,129,0.97852975 ,5,
6,451,287,133,297,145,0.88103527 ,2,
6,451,292,125,305,142,0.71294440 ,0,
6,452,298,117,311,132,0.99148625 ,4,
6,452,348,115,361,131,0.98867140 ,5,
6,452,335,128,349,145,0.97510284 ,3,
6,452,287,136,297,148,0.80623280 ,2,
6,452,377,141,397,163,0.74392350 ,1,
6,452,283,133,292,144,0.59421647 ,0,
6,453,298,116,312,133,0.98633170 ,4,
6,453,334,131,349,149,0.97700787 ,3,
6,453,344,115,356,129,0.97374004 ,5,
6,453,283,136,296,152,0.95383610 ,2,
6,453,382,138,405,165,0.89343226 ,1,
6,454,298,119,312,136,0.98849460 ,4,
6,454,342,113,355,130,0.95456994 ,5,
6,454,331,129,345,146,0.94581157 ,3,
6,454,280,135,291,148,0.90876365 ,2,
6,454,386,138,411,167,0.90591720 ,1,
6,455,298,116,312,133,0.98681086 ,4,
6,455,344,116,357,131,0.96975976 ,5,
6,455,335,131,348,148,0.95428120 ,3,
6,455,387,144,413,174,0.89623433 ,1,
6,455,284,136,296,149,0.88473840 ,2,
6,456,349,114,362,131,0.98638135 ,5,
6,456,302,117,315,134,0.97949620 ,4,
6,456,338,131,353,149,0.93601370 ,3,
6,456,288,134,303,152,0.84344220 ,2,
6,456,662,121,672,134,0.67456900 ,0,
6,456,389,144,412,168,0.51001860 ,1,
6,457,305,119,319,136,0.98508890 ,4,
6,457,340,132,353,146,0.96502656 ,3,
6,457,349,115,363,131,0.96371920 ,5,
6,457,289,135,299,148,0.83479950 ,2,
6,457,392,145,419,175,0.83019930 ,1,
6,458,307,116,321,134,0.98852867 ,4,
6,458,348,118,360,132,0.97158260 ,5,
6,458,341,134,354,151,0.94721530 ,3,
6,458,399,146,428,180,0.93624550 ,1,
6,458,290,137,303,153,0.90534930 ,2,
6,459,305,118,319,136,0.98778410 ,4,
6,459,338,129,353,147,0.96777177 ,3,
6,459,343,116,356,131,0.94600123 ,5,
6,459,406,145,436,180,0.91635954 ,1,
6,459,295,134,306,147,0.65771030 ,2,
6,460,304,122,317,137,0.95512456 ,4,
6,460,341,133,355,151,0.94732490 ,3,
6,460,345,116,357,131,0.91677290 ,5,
6,460,405,150,436,184,0.86297590 ,1,
6,460,300,133,311,146,0.57712980 ,2,
6,461,348,120,363,136,0.96773200 ,5,
6,461,300,121,316,139,0.95465390 ,4,
6,461,344,130,359,149,0.95091750 ,3,
6,461,300,131,316,151,0.92854774 ,2,
6,462,351,118,363,132,0.97016230 ,5,
6,462,343,133,357,150,0.95526433 ,3,
6,462,301,120,315,137,0.94700336 ,4,
6,462,304,137,317,152,0.64122470 ,2,
6,463,303,122,317,139,0.97897494 ,4,
6,463,342,134,356,152,0.95945170 ,3,
6,463,349,121,362,137,0.94886136 ,5,
6,463,300,137,313,152,0.66397600 ,2,
6,464,305,120,319,136,0.97719120 ,4,
6,464,293,136,306,153,0.95558330 ,2,
6,464,340,130,355,148,0.94901055 ,3,
6,464,410,158,444,194,0.72400177 ,1,
6,464,340,115,351,127,0.63427300 ,5,
6,465,303,118,317,136,0.98386174 ,4,
6,465,344,135,360,155,0.96830710 ,3,
6,465,341,119,355,135,0.95641196 ,5,
6,465,290,139,303,156,0.90038306 ,2,
6,466,347,136,362,155,0.98475850 ,3,
6,466,292,141,307,159,0.96722096 ,2,
6,466,298,121,313,139,0.96623710 ,4,
6,466,342,121,355,136,0.83574520 ,5,
6,467,352,120,366,136,0.97240156 ,5,
6,467,347,137,362,156,0.96505710 ,3,
6,467,288,122,305,142,0.94150350 ,4,
6,467,298,135,314,152,0.89348245 ,2,
6,468,289,120,305,140,0.98858225 ,4,
6,468,355,120,369,137,0.98633635 ,5,
6,468,301,143,316,159,0.62241910 ,2,
6,469,291,121,306,141,0.97949916 ,4,
6,469,356,121,370,138,0.97392760 ,5,
6,469,343,136,361,157,0.95982910 ,3,
6,469,301,145,318,162,0.82177680 ,2,
6,469,321,204,336,224,0.81530930 ,0,
6,470,295,122,313,143,0.98737760 ,4,
6,470,354,120,369,137,0.96721710 ,5,
6,470,350,141,366,160,0.91539234 ,3,
6,470,305,145,323,163,0.84893453 ,2,
6,471,301,119,317,139,0.98868763 ,4,
6,471,353,138,369,158,0.96592873 ,3,
6,471,357,120,371,137,0.94469830 ,5,
6,471,661,122,672,134,0.72742456 ,0,
6,472,300,120,317,141,0.98785710 ,4,
6,472,365,124,380,142,0.98373955 ,5,
6,472,355,143,369,161,0.90241650 ,3,
6,473,296,124,313,145,0.99387120 ,4,
6,473,372,121,388,140,0.98629970 ,5,
6,473,353,144,372,165,0.86721617 ,3,
6,474,296,121,313,142,0.98688370 ,4,
6,474,374,123,390,142,0.97986920 ,5,
6,474,358,144,379,167,0.89066005 ,3,
6,474,314,149,331,169,0.84492046 ,2,
6,475,299,123,316,142,0.98765010 ,4,
6,475,375,124,391,142,0.98378444 ,5,
6,475,313,147,329,166,0.88913160 ,2,
6,476,304,125,323,148,0.99168030 ,4,
6,476,376,122,393,140,0.97666980 ,5,
6,476,377,145,394,165,0.85392370 ,3,
6,476,577,399,593,422,0.57660420 ,0,
6,477,309,122,327,144,0.98953676 ,4,
6,477,383,122,397,140,0.96902466 ,5,
6,477,321,151,340,172,0.65109350 ,2,
6,478,311,125,329,146,0.99178165 ,4,
6,478,391,121,408,142,0.98026836 ,5,
6,478,317,152,330,166,0.62559813 ,2,
6,479,310,128,328,150,0.99515980 ,4,
6,479,398,121,415,142,0.99090330 ,5,
6,479,382,155,402,176,0.69216615 ,3,
6,480,308,125,328,148,0.99499750 ,4,
6,480,398,126,413,144,0.99247790 ,5,
6,481,313,128,332,150,0.99380290 ,4,
6,481,394,126,409,143,0.97075630 ,5,
6,481,356,231,370,250,0.63487035 ,0,
6,482,322,134,341,156,0.98873490 ,4,
6,482,394,125,410,143,0.98654294 ,5,
6,483,398,130,414,148,0.99155676 ,5,
6,483,326,131,346,152,0.98749160 ,4,
6,484,405,127,421,146,0.98901150 ,5,
6,484,329,133,348,154,0.97728556 ,4,
6,485,404,128,420,146,0.97610724 ,5,
6,485,329,135,347,154,0.92129050 ,4,
6,485,600,354,666,445,0.86142500 ,1,
6,486,642,364,712,461,0.99782300 ,1,
6,486,398,131,416,151,0.99035620 ,5,
6,486,329,134,347,154,0.98217120 ,4,
6,487,333,136,353,160,0.99216870 ,4,
6,487,395,129,412,148,0.98821530 ,5,
6,487,654,386,713,479,0.63884860 ,1,
6,487,383,249,394,263,0.52236070 ,0,
6,488,399,130,417,150,0.99011190 ,5,
6,488,340,135,358,158,0.98950010 ,4,
6,489,411,132,428,152,0.99097544 ,5,
6,489,341,130,361,155,0.98737353 ,4,
6,490,415,130,432,150,0.99222410 ,5,
6,490,339,133,361,160,0.98822180 ,4,
6,491,333,135,356,162,0.99259250 ,4,
6,491,412,134,431,154,0.99152774 ,5,
6,492,336,132,358,158,0.99189370 ,4,
6,492,405,131,425,154,0.98782130 ,5,
6,493,407,129,427,152,0.98968494 ,5,
6,493,339,135,362,164,0.98259324 ,4,
6,494,415,133,436,158,0.98986816 ,5,
6,494,347,135,370,164,0.98648524 ,4,
6,495,424,131,444,155,0.99366874 ,5,
6,495,353,136,376,163,0.98247590 ,4,
6,496,424,133,445,158,0.99244540 ,5,
6,496,353,144,375,169,0.94495110 ,4,
6,497,418,138,440,161,0.99231190 ,5,
6,497,349,142,372,169,0.92234826 ,4,
6,498,418,135,438,158,0.98962307 ,5,
6,498,351,138,374,166,0.60567810 ,4,
6,499,424,139,446,163,0.99379635 ,5,
6,500,436,138,458,163,0.99322090 ,5,
6,501,440,138,463,164,0.99138780 ,5,
6,502,439,141,463,168,0.99134740 ,5,
6,503,440,138,463,166,0.99095700 ,5,
6,504,448,141,471,168,0.99214340 ,5,
6,504,523,241,566,293,0.75597835 ,3,
6,505,462,142,486,172,0.98795986 ,5,
6,506,471,140,495,168,0.99378600 ,5,
6,507,472,144,499,176,0.99265045 ,5,
6,507,557,254,602,310,0.52024640 ,3,
6,508,473,142,500,173,0.97962990 ,5,
6,509,479,142,507,176,0.97605720 ,5,
6,509,611,277,657,339,0.95183900 ,3,
6,510,633,282,680,345,0.99696250 ,3,
6,510,494,149,520,180,0.75645155 ,5,
6,511,650,315,699,379,0.99701320 ,3,
6,511,503,319,558,396,0.94351375 ,2,
6,511,506,146,535,183,0.91866726 ,5,
6,512,673,333,713,397,0.98059510 ,3,
6,514,563,381,631,462,0.98546930 ,2,
6,515,585,390,653,478,0.99479880 ,2,
6,515,569,381,608,440,0.54658514 ,0,
6,522,537,274,600,359,0.60682106 ,4,
6,523,574,278,635,365,0.90791030 ,4,
6,524,588,288,656,386,0.92491190 ,4,
6,525,605,330,673,419,0.99570740 ,4,
6,526,622,332,692,427,0.99481493 ,4,
6,526,612,229,658,286,0.99126875 ,5,
6,527,631,235,678,293,0.99583700 ,5,
6,527,648,364,709,453,0.93730250 ,4,
6,528,638,262,683,319,0.99740160 ,5,
6,529,649,261,698,323,0.99669780 ,5,
6,530,679,280,714,343,0.97748450 ,5,
